{"posterior_means":{"σ":0.5603029997956198,"α":1.963966105185424,"β":1.5297842141196265},"id":4,"true_params":{"σ":0.5,"α":2.0,"β":1.5}}