{"posterior_means":{"σ":0.5493097193372722,"α":1.9571276659459491,"β":1.440109993499128},"id":2,"true_params":{"σ":0.5,"α":2.0,"β":1.5}}