{"posterior_means":{"σ":0.47432870594656346,"α":2.1327786342195227,"β":1.4686316246829472},"id":1,"true_params":{"σ":0.5,"α":2.0,"β":1.5}}