{"posterior_means":{"σ":0.44159857419932,"α":2.016263969506903,"β":1.5327606780110044},"id":3,"true_params":{"σ":0.5,"α":2.0,"β":1.5}}